{
    "User": {
        "Enable": {
            "AutoAbilityEnable": false,
            "AutoAnswerEnable": false,
            "AutoBattleEnable": false,
            "AutoCatchEnable": false,
            "AutoDropEnable": true,
            "AutoDropMeatEnable": true,
            "AutoEatBeanEnable": true,
            "AutoEncodeEnable": false,
            "AutoEscapeEnable": false,
            "AutoFreeMemoryEnable": true,
            "AutoJoinEnable": false,
            "AutoLoginEnable": true,
            "AutoReconnectEnable": true,
            "AutoRestartGameEnable": false,
            "AutoStackEnable": true,
            "AutoStartScriptEnable": false,
            "AutoWalkEnable": false,
            "BattleAutoEOEnable": true,
            "BattleAutoSwitchEnable": true,
            "BattleCatchCharItemEnable": false,
            "BattleCatchCharMagicEnable": true,
            "BattleCatchPetSkillEnable": false,
            "BattleCatchTargetLevelEnable": false,
            "BattleCatchTargetMaxHpEnable": false,
            "BattleItemHealEnable": false,
            "BattleItemHealMeatPriorityEnable": false,
            "BattleItemHealMpEnable": false,
            "BattleItemReviveEnable": false,
            "BattleLuaModeEnable": true,
            "BattleMagicHealEnable": false,
            "BattleMagicReviveEnable": false,
            "BattleNoEscapeWhileLockPetEnable": false,
            "BattleSkillMpEnable": false,
            "BattleTimeExtendEnable": true,
            "CloseEffectEnable": true,
            "CrossActionCharEnable": false,
            "CrossActionPetEnable": false,
            "DropPetAggregateEnable": false,
            "DropPetAgiEnable": false,
            "DropPetDefEnable": false,
            "DropPetEnable": false,
            "DropPetHpEnable": false,
            "DropPetStrEnable": false,
            "EchoEnable": false,
            "FallDownEscapeEnable": false,
            "FastAutoWalkEnable": false,
            "FastBattleEnable": true,
            "FastWalkEnable": true,
            "ForwardSendEnable": true,
            "GroupAutoKickEnable": false,
            "GroupBlackListEnable": false,
            "GroupWhiteListEnable": false,
            "HideCharacterEnable": false,
            "HideWindowEnable": false,
            "KNPCEnable": true,
            "LockAttackEnable": false,
            "LockEscapeEnable": false,
            "LockImageEnable": false,
            "LockMoveEnable": false,
            "LockPetEnable": true,
            "LockPetScheduleEnable": false,
            "LockRideEnable": true,
            "LockTimeEnable": true,
            "LogBackEnable": false,
            "LogOutEnable": false,
            "MuteEnable": true,
            "NormalItemHealEnable": false,
            "NormalItemHealMeatPriorityEnable": false,
            "NormalItemHealMpEnable": false,
            "NormalMagicHealEnable": true,
            "OptimizeEnable": true,
            "PassWallEnable": false,
            "ScriptDebugModeEnable": false,
            "SettingMaxEnable": false,
            "SettingMinEnable": false,
            "ShowExpEnable": true,
            "SwitcherCardEnable": false,
            "SwitcherFamilyEnable": false,
            "SwitcherGroupEnable": false,
            "SwitcherJobEnable": false,
            "SwitcherPKEnable": false,
            "SwitcherTeamEnable": false,
            "SwitcherTradeEnable": false,
            "SwitcherWorldEnable": true,
            "WindowDockEnable": false
        },
        "String": {
            "AutoAbilityString": "",
            "AutoDropItemString": "?的石頭|?利刺黃鯊碎片|黃寶石礦|格鲁西斯的皮毛|双星蕨",
            "AutoFunNameString": "",
            "BattleActMarkString": "＊",
            "BattleActionOrderString": "",
            "BattleAllieFormatString": "[%(pos)]%(self)%(name) LV:%(lv)(%(hp)|%(hpp))[%(ele)%(pele)%(status)]",
            "BattleCatchCharItemString": "",
            "BattleCatchPetNameString": "格鲁西斯",
            "BattleCharLuaFilePathString": "battle_char",
            "BattleEnemyFormatString": "[%(pos)]%(mod):%(name) LV:%(lv)(%(hp)|%(hpp))[%(status)]",
            "BattleItemHealItemString": "耐久力回復藥",
            "BattleItemHealMpIteamString": "氣力回復藥",
            "BattleItemReviveItemString": "復活藥(300)",
            "BattleLogicsString": "",
            "BattleSelfMarkString": "★",
            "BattleSpaceMarkString": "　",
            "DropPetNameString": "",
            "EOCommandString": "/EO",
            "GameAccountString": "pmsa001",
            "GamePasswordString": "pmsa000",
            "GameSecurityCodeString": "",
            "GroupBlackListString": "",
            "GroupWhiteListString": "",
            "KNPCListString": "",
            "LockAttackString": "",
            "LockEscapeString": "",
            "LockPetScheduleString": "1:烏力, 5, 戰|2:烏力, 5, 戰|3:烏力斯坦, 5, 戰|4:烏力斯坦, 5, 戰|5:烏力斯坦, 5, 戰|1:烏力, 10, 戰|2:烏力, 10, 戰|3:烏力斯坦, 10, 戰|4:烏力斯坦, 10, 戰|5:烏力斯坦, 10, 戰|1:烏力, 15, 戰|2:烏力, 15, 戰|3:烏力斯坦, 15, 戰|4:烏力斯坦, 15, 戰|5:烏力斯坦, 15, 戰|1:烏力, 20, 戰|2:烏力, 20, 戰|3:烏力斯坦, 20, 戰|4:烏力斯坦, 20, 戰|5:烏力斯坦, 20, 戰|1:烏力, 25, 戰|2:烏力, 25, 戰|3:烏力斯坦, 25, 戰|4:烏力斯坦, 25, 戰|5:烏力斯坦, 25, 戰|1:烏力, 30, 戰|2:烏力, 30, 戰|3:烏力斯坦, 30, 戰|4:烏力斯坦, 30, 戰|5:烏力斯坦, 30, 戰|1:烏力, 35, 戰|2:烏力, 35, 戰|3:烏力斯坦, 35, 戰|4:烏力斯坦, 35, 戰|5:烏力斯坦, 35, 戰|1:烏力, 40, 戰|2:烏力, 40, 戰|3:烏力斯坦, 40, 戰|4:烏力斯坦, 40, 戰|5:烏力斯坦, 40, 戰|1:烏力, 45, 戰|2:烏力, 45, 戰|3:烏力斯坦, 45, 戰|4:烏力斯坦, 45, 戰|5:烏力斯坦, 45, 戰|1:烏力, 50, 戰|2:烏力, 50, 戰|3:烏力斯坦, 50, 戰|4:烏力斯坦, 50, 戰|5:烏力斯坦, 50, 戰|1:烏力, 55, 戰|2:烏力, 55, 戰|3:烏力斯坦, 55, 戰|4:烏力斯坦, 55, 戰|5:烏力斯坦, 55, 戰|1:烏力, 60, 戰|2:烏力, 60, 戰|3:烏力斯坦, 60, 戰|4:烏力斯坦, 60, 戰|5:烏力斯坦, 60, 戰",
            "MailWhiteListString": "",
            "NormalItemHealItemString": "",
            "NormalItemHealMpItemString": "",
            "NormalMagicHealItemString": "",
            "SettingMaxString": "",
            "SettingMinString": "",
            "kBattlePetLuaFilePathString": "battle_pet",
            "kTitleFormatString": "[%(index)] [%(sser):%(pos)] %(name) Lv:%(lv) Hp:%(hpp)"
        },
        "Value": {
            "AutoFunTypeValue": 1,
            "AutoWalkDelayValue": 100,
            "AutoWalkDirectionValue": 0,
            "AutoWalkDistanceValue": 1,
            "BattleActionDelayValue": 0,
            "BattleCatchCharMagicValue": 5,
            "BattleCatchModeValue": 0,
            "BattleCatchPetSkillValue": 1,
            "BattleCatchTargetItemHpValue": 50,
            "BattleCatchTargetLevelValue": 1,
            "BattleCatchTargetMagicHpValue": 10,
            "BattleCatchTargetMaxHpValue": 30,
            "BattleCharCrossActionRoundValue": 2,
            "BattleCharCrossActionTargetValue": 16,
            "BattleCharCrossActionTypeValue": 6,
            "BattleCharNormalActionEnemyValue": 0,
            "BattleCharNormalActionLevelValue": 0,
            "BattleCharNormalActionTargetValue": 16,
            "BattleCharNormalActionTypeValue": 0,
            "BattleCharPurgActionTypeValue": 0,
            "BattleCharPurgTargetValue": 0,
            "BattleCharRoundActionEnemyValue": 0,
            "BattleCharRoundActionLevelValue": 0,
            "BattleCharRoundActionRoundValue": 0,
            "BattleCharRoundActionTargetValue": 16,
            "BattleCharRoundActionTypeValue": 6,
            "BattleItemHealTargetValue": 3,
            "BattleItemReviveTargetValue": 3,
            "BattleMagicHealMagicValue": 4,
            "BattleMagicHealTargetValue": 11,
            "BattleMagicReviveMagicValue": 0,
            "BattleMagicReviveTargetValue": 3,
            "BattlePetCrossActionRoundValue": 0,
            "BattlePetCrossActionTargetValue": 16,
            "BattlePetCrossActionTypeValue": 0,
            "BattlePetHealActionTypeValue": 0,
            "BattlePetHealAllieValue": 0,
            "BattlePetHealCharValue": 0,
            "BattlePetHealPetValue": 0,
            "BattlePetHealTargetValue": 0,
            "BattlePetNormalActionEnemyValue": 0,
            "BattlePetNormalActionLevelValue": 0,
            "BattlePetNormalActionTargetValue": 16,
            "BattlePetNormalActionTypeValue": 0,
            "BattlePetPurgActionTypeValue": 0,
            "BattlePetPurgTargetValue": 0,
            "BattlePetRoundActionEnemyValue": 0,
            "BattlePetRoundActionLevelValue": 0,
            "BattlePetRoundActionRoundValue": 0,
            "BattlePetRoundActionTargetValue": 16,
            "BattlePetRoundActionTypeValue": 0,
            "BattleResendDelayValue": 0,
            "BattleSkillMpValue": 0,
            "DropPetAggregateValue": 10,
            "DropPetAgiValue": 10,
            "DropPetDefValue": 10,
            "DropPetHpValue": 50,
            "DropPetStrValue": 10,
            "GroupAutoKickTimeoutValue": 0,
            "ItemHealAllieNormalValue": 50,
            "ItemHealAllieValue": 100,
            "ItemHealCharNormalValue": 50,
            "ItemHealCharValue": 0,
            "ItemHealMpNormalValue": 0,
            "ItemHealMpValue": 100,
            "ItemHealPetNormalValue": 50,
            "ItemHealPetValue": 99,
            "LockPetValue": 0,
            "LockRideValue": 0,
            "LockTimeValue": 3,
            "MagicHealAllieNormalValue": 0,
            "MagicHealAllieValue": 90,
            "MagicHealCharNormalValue": 100,
            "MagicHealCharValue": 90,
            "MagicHealPetNormalValue": 0,
            "MagicHealPetValue": 90,
            "NormalMagicHealMagicValue": 4,
            "PositionValue": 0,
            "ScriptSpeedValue": 0,
            "ServerValue": 0,
            "SettingMaxValue": 61,
            "SettingMinValue": 1,
            "SpeedBoostValue": 12,
            "SubServerValue": 0,
            "TcpDelayValue": 0
        }
    }
}
